cruise_id,model_window_start,model_window_end,region,station,latitude,longitude
WS0603,2006-01-11,2006-01-25,Lower Keys,19,24.6095,-81.4215
WS0603,2006-01-11,2006-01-25,Lower Keys,20,24.57466667,-81.41833333
WS0603,2006-01-11,2006-01-25,Lower Keys,21.5,24.48166667,-81.39183333
WS0603,2006-01-11,2006-01-25,Lower Keys,21LK,24.53816667,-81.41383333
WS0603,2006-01-11,2006-01-25,Lower Keys,22,24.45533333,-81.82866667
WS0603,2006-01-11,2006-01-25,Lower Keys,22.5,24.39666667,-81.82916667
WS0603,2006-01-11,2006-01-25,Lower Keys,23,24.487,-81.82916667
WS0603,2006-01-11,2006-01-25,Lower Keys,24,24.5365,-81.82883333
WS0603,2006-01-11,2006-01-25,Middle Keys,10,24.78683333,-80.85966667
WS0603,2006-01-11,2006-01-25,Middle Keys,11,24.75366667,-80.84633333
WS0603,2006-01-11,2006-01-25,Middle Keys,12,24.71383333,-80.83083333
WS0603,2006-01-11,2006-01-25,Middle Keys,13,24.70083333,-81.02866667
WS0603,2006-01-11,2006-01-25,Middle Keys,14,24.67466667,-81.02316667
WS0603,2006-01-11,2006-01-25,Middle Keys,15,24.6415,-81.01683333
WS0603,2006-01-11,2006-01-25,Middle Keys,15.5,24.5925,-80.99166667
WS0603,2006-01-11,2006-01-25,Middle Keys,16,24.67466667,-81.20416667
WS0603,2006-01-11,2006-01-25,Middle Keys,17,24.63633333,-81.19366667
WS0603,2006-01-11,2006-01-25,Middle Keys,18,24.59916667,-81.18366667
WS0603,2006-01-11,2006-01-25,Middle Keys,7,24.819,-80.75616667
WS0603,2006-01-11,2006-01-25,Middle Keys,8,24.79166667,-80.74083333
WS0603,2006-01-11,2006-01-25,Middle Keys,9,24.76316667,-80.72266667
WS0603,2006-01-11,2006-01-25,Middle Keys,9.5,24.71633333,-80.68933333
WS0603,2006-01-11,2006-01-25,Upper Keys,1,25.64416667,-80.12716667
WS0603,2006-01-11,2006-01-25,Upper Keys,2,25.64166667,-80.10516667
WS0603,2006-01-11,2006-01-25,Upper Keys,3,25.645,-80.084
WS0603,2006-01-11,2006-01-25,Upper Keys,4,25.10833333,-80.38
WS0603,2006-01-11,2006-01-25,Upper Keys,5,25.09316667,-80.35483333
WS0603,2006-01-11,2006-01-25,Upper Keys,5.5,25.07733333,-80.33366667
WS0603,2006-01-11,2006-01-25,Upper Keys,6,25.065,-80.31483333
WS0603,2006-01-11,2006-01-25,Upper Keys,6.5,25.049,-80.28683333
WS1015,2010-08-09,2010-08-20,Lower Keys,19,24.60833333,-81.42116667
WS1015,2010-08-09,2010-08-20,Lower Keys,21.5,24.486,-81.3875
WS1015,2010-08-09,2010-08-20,Lower Keys,21LK,24.53716667,-81.41333333
WS1015,2010-08-09,2010-08-20,Lower Keys,22,24.4555,-81.82783333
WS1015,2010-08-09,2010-08-20,Lower Keys,24,24.53766667,-81.82816667
WS1015,2010-08-09,2010-08-20,Middle Keys,12,24.71366667,-80.831
WS1015,2010-08-09,2010-08-20,Middle Keys,15,24.64383333,-81.01583333
WS1015,2010-08-09,2010-08-20,Middle Keys,15.5,24.59266667,-80.99133333
WS1015,2010-08-09,2010-08-20,Middle Keys,16,24.67283333,-81.202
WS1015,2010-08-09,2010-08-20,Middle Keys,7,24.82,-80.7475
WS1015,2010-08-09,2010-08-20,Upper Keys,1,25.6455,-80.12583333
WS1015,2010-08-09,2010-08-20,Upper Keys,6.5,25.0485,-80.28566667
WS16004,2015-12-28,2016-01-07,Lower Keys,21LK,24.53583333,-81.413
WS16004,2015-12-28,2016-01-07,Lower Keys,WS,24.47583333,-81.717
WS16004,2015-12-28,2016-01-07,Middle Keys,10,24.786,-80.86016667
WS16004,2015-12-28,2016-01-07,Middle Keys,12,24.70983333,-80.833
WS16004,2015-12-28,2016-01-07,Middle Keys,16,24.67466667,-81.20366667
WS16004,2015-12-28,2016-01-07,Middle Keys,18,24.59616667,-81.18483333
WS16004,2015-12-28,2016-01-07,Middle Keys,7,24.81916667,-80.75383333
WS16004,2015-12-28,2016-01-07,Middle Keys,9,24.75933333,-80.72266667
WS16004,2015-12-28,2016-01-07,Middle Keys,9.5,24.713,-80.69016667
WS16004,2015-12-28,2016-01-07,Upper Keys,2,25.64166667,-80.1045
WS16004,2015-12-28,2016-01-07,Upper Keys,MR,25.008,-80.38233333
WS16207,2016-07-18,2016-07-29,Lower Keys,21LK,24.5375,-81.4155
WS16207,2016-07-18,2016-07-29,Lower Keys,WS,24.475,-81.7185
WS16207,2016-07-18,2016-07-29,Middle Keys,10,24.783,-80.86083333
WS16207,2016-07-18,2016-07-29,Middle Keys,12,24.71316667,-80.83266667
WS16207,2016-07-18,2016-07-29,Middle Keys,18,24.59783333,-81.18333333
WS16207,2016-07-18,2016-07-29,Middle Keys,7,24.8165,-80.75416667
WS16207,2016-07-18,2016-07-29,Middle Keys,9,24.76233333,-80.7245
WS16207,2016-07-18,2016-07-29,Middle Keys,9.5,24.71783333,-80.68883333
WS16207,2016-07-18,2016-07-29,Upper Keys,2,25.64166667,-80.10516667
WS16207,2016-07-18,2016-07-29,Upper Keys,MR,25.01016667,-80.38116667
WS17282,2017-10-02,2017-10-12,Lower Keys,19,24.60933333,-81.42133333
WS17282,2017-10-02,2017-10-12,Lower Keys,20,24.57433333,-81.421
WS17282,2017-10-02,2017-10-12,Lower Keys,21.5,24.48333333,-81.39166667
WS17282,2017-10-02,2017-10-12,Lower Keys,21LK,24.532,-81.417
WS17282,2017-10-02,2017-10-12,Lower Keys,22,24.45366667,-81.832
WS17282,2017-10-02,2017-10-12,Lower Keys,22.5,24.39533333,-81.832
WS17282,2017-10-02,2017-10-12,Lower Keys,23,24.48616667,-81.82866667
WS17282,2017-10-02,2017-10-12,Lower Keys,24,24.536,-81.83066667
WS17282,2017-10-02,2017-10-12,Lower Keys,WS,24.47583333,-81.717
WS17282,2017-10-02,2017-10-12,Middle Keys,10,24.78766667,-80.86016667
WS17282,2017-10-02,2017-10-12,Middle Keys,11,24.7535,-80.84733333
WS17282,2017-10-02,2017-10-12,Middle Keys,12,24.7135,-80.831
WS17282,2017-10-02,2017-10-12,Middle Keys,14,24.677,-81.02466667
WS17282,2017-10-02,2017-10-12,Middle Keys,15,24.64566667,-81.01966667
WS17282,2017-10-02,2017-10-12,Middle Keys,15.5,24.595,-80.99533333
WS17282,2017-10-02,2017-10-12,Middle Keys,16,24.67616667,-81.20566667
WS17282,2017-10-02,2017-10-12,Middle Keys,17,24.636,-81.19716667
WS17282,2017-10-02,2017-10-12,Middle Keys,18,24.576,-81.18216667
WS17282,2017-10-02,2017-10-12,Middle Keys,8,24.791,-80.74516667
WS17282,2017-10-02,2017-10-12,Middle Keys,9,24.764,-80.72433333
WS17282,2017-10-02,2017-10-12,Middle Keys,9.5,24.724,-80.68883333
WS17282,2017-10-02,2017-10-12,Upper Keys,1,25.64383333,-80.12866667
WS17282,2017-10-02,2017-10-12,Upper Keys,2,25.641,-80.107
WS17282,2017-10-02,2017-10-12,Upper Keys,3,25.64683333,-80.08366667
WS17282,2017-10-02,2017-10-12,Upper Keys,5,25.09116667,-80.3565
WS17282,2017-10-02,2017-10-12,Upper Keys,6,25.06283333,-80.316
WS17282,2017-10-02,2017-10-12,Upper Keys,6.5,25.0485,-80.28966667
WS17282,2017-10-02,2017-10-12,Upper Keys,EKIN,25.33383333,-80.22583333
WS17282,2017-10-02,2017-10-12,Upper Keys,EKOFF,25.29483333,-80.16233333
WS17282,2017-10-02,2017-10-12,Upper Keys,MR,25.00533333,-80.37283333
WS17282,2017-10-02,2017-10-12,Upper Keys,UKIN,24.93516667,-80.566
WS17282,2017-10-02,2017-10-12,Upper Keys,UKOFF,24.89666667,-80.5295
WS20342,2020-11-30,2020-12-13,Lower Keys,21LK,24.53633333,-81.41383333
WS20342,2020-11-30,2020-12-13,Lower Keys,KW1,24.652,-81.904
WS20342,2020-11-30,2020-12-13,Lower Keys,KW2,24.72533333,-81.915
WS20342,2020-11-30,2020-12-13,Lower Keys,WS,24.47766667,-81.71783333
WS20342,2020-11-30,2020-12-13,Middle Keys,10,24.78466667,-80.86366667
WS20342,2020-11-30,2020-12-13,Middle Keys,12,24.71533333,-80.82866667
WS20342,2020-11-30,2020-12-13,Middle Keys,15,24.64233333,-81.01683333
WS20342,2020-11-30,2020-12-13,Middle Keys,15.5,24.5925,-80.993
WS20342,2020-11-30,2020-12-13,Middle Keys,16,24.67191667,-81.20375
WS20342,2020-11-30,2020-12-13,Middle Keys,18,24.59966667,-81.18583333
WS20342,2020-11-30,2020-12-13,Middle Keys,7,24.81683333,-80.75508333
WS20342,2020-11-30,2020-12-13,Upper Keys,2,25.63966667,-80.1045
WS20342,2020-11-30,2020-12-13,Upper Keys,MR,25.00516667,-80.3695
WS22281,2022-10-01,2022-10-14,Lower Keys,21LK,24.53483333,-81.4175
WS22281,2022-10-01,2022-10-14,Lower Keys,KW1,24.65366667,-81.90383333
WS22281,2022-10-01,2022-10-14,Lower Keys,KW2,24.72933333,-81.911
WS22281,2022-10-01,2022-10-14,Lower Keys,WS,24.47583333,-81.717
WS22281,2022-10-01,2022-10-14,Middle Keys,12,24.71316667,-80.83233333
WS22281,2022-10-01,2022-10-14,Middle Keys,16,24.66966667,-81.20483333
WS22281,2022-10-01,2022-10-14,Middle Keys,18,24.598,-81.184
WS22281,2022-10-01,2022-10-14,Middle Keys,9,24.76183333,-80.7245
WS22281,2022-10-01,2022-10-14,Middle Keys,9.5,24.71716667,-80.69266667
WS22281,2022-10-01,2022-10-14,Upper Keys,2,25.63833333,-80.10766667
WS23011,2023-01-04,2023-01-17,Lower Keys,21LK,24.53533333,-81.4165
WS23011,2023-01-04,2023-01-17,Lower Keys,KW1,24.654,-81.9045
WS23011,2023-01-04,2023-01-17,Lower Keys,KW2,24.7275,-81.91716667
WS23011,2023-01-04,2023-01-17,Lower Keys,WS,24.477,-81.72016667
WS23011,2023-01-04,2023-01-17,Middle Keys,10,24.78716667,-80.86066667
WS23011,2023-01-04,2023-01-17,Middle Keys,12,24.71383333,-80.83133333
WS23011,2023-01-04,2023-01-17,Middle Keys,16,24.6705,-81.20283333
WS23011,2023-01-04,2023-01-17,Middle Keys,18,24.59716667,-81.1835
WS23011,2023-01-04,2023-01-17,Middle Keys,7,24.81483333,-80.75416667
WS23011,2023-01-04,2023-01-17,Middle Keys,9,24.7655,-80.72366667
WS23011,2023-01-04,2023-01-17,Middle Keys,9.5,24.718,-80.69233333
WS23011,2023-01-04,2023-01-17,Upper Keys,2,25.64266667,-80.1055
WS23011,2023-01-04,2023-01-17,Upper Keys,MR,25.007,-80.36983333
